{
  "benchmark_1_0_GTX_TITAN_X": 0.002332,
  "benchmark_1_1_GTX_TITAN_X": 0.002454,
  "benchmark_1_14_GTX_TITAN_X": 0.00226,
  "benchmark_1_15_GTX_TITAN_X": 0.002339,
  "benchmark_1_16_GTX_TITAN_X": 0.002247,
  "benchmark_1_17_GTX_TITAN_X": 0.00226,
  "benchmark_1_18_GTX_TITAN_X": 0.002219,
  "benchmark_1_19_GTX_TITAN_X": 0.001621,
  "benchmark_1_2_GTX_TITAN_X": 0.002301,
  "benchmark_1_20_GTX_TITAN_X": 0.002485,
  "benchmark_1_21_GTX_TITAN_X": 10.0,
  "benchmark_1_22_GTX_TITAN_X": 0.002462,
  "benchmark_1_3_GTX_TITAN_X": 0.002288,
  "benchmark_1_36_GTX_TITAN_X": 0.002426,
  "benchmark_1_37_GTX_TITAN_X": 0.002221,
  "benchmark_1_38_GTX_TITAN_X": 0.002292,
  "benchmark_1_39_GTX_TITAN_X": 0.002288,
  "benchmark_1_40_GTX_TITAN_X": 0.002237,
  "benchmark_1_41_GTX_TITAN_X": 0.002451,
  "benchmark_1_42_GTX_TITAN_X": 0.001621,
  "benchmark_1_43_GTX_TITAN_X": 0.001614,
  "benchmark_1_44_GTX_TITAN_X": 0.001616,
  "benchmark_1_45_GTX_TITAN_X": 0.002256,
  "benchmark_1_46_GTX_TITAN_X": 0.002313,
  "benchmark_1_47_GTX_TITAN_X": 0.00236,
  "benchmark_1_48_GTX_TITAN_X": 0.002311,
  "benchmark_1000_24_GTX_TITAN_X": 0.000131,
  "benchmark_1000_25_GTX_TITAN_X": 0.000132,
  "benchmark_1000_26_GTX_TITAN_X": 0.002216,
  "benchmark_1000_27_GTX_TITAN_X": 0.002399,
  "benchmark_1000_28_GTX_TITAN_X": 0.002225,
  "benchmark_1000_29_GTX_TITAN_X": 0.002449,
  "benchmark_1000_5_GTX_TITAN_X": 0.002232,
  "benchmark_10003_2_GTX_TITAN_X": 0.002228,
  "benchmark_10008_81_GTX_TITAN_X": 0.002311,
  "benchmark_1001_0_GTX_TITAN_X": 0.000134,
  "benchmark_10024_0_GTX_TITAN_X": 0.000135,
  "benchmark_10047_0_GTX_TITAN_X": 0.002267,
  "benchmark_10047_1_GTX_TITAN_X": 0.002289,
  "benchmark_1006_0_GTX_TITAN_X": 0.002298,
  "benchmark_1008_0_GTX_TITAN_X": 0.000134,
  "benchmark_1008_7_GTX_TITAN_X": 0.000135,
  "benchmark_10121_0_GTX_TITAN_X": 0.00013,
  "benchmark_10121_1_GTX_TITAN_X": 0.002211,
  "benchmark_10121_3_GTX_TITAN_X": 0.00013,
  "benchmark_10121_5_GTX_TITAN_X": 0.000131,
  "benchmark_10126_2_GTX_TITAN_X": 0.002288,
  "benchmark_10220_1_GTX_TITAN_X": 0.00239,
  "benchmark_10223_26_GTX_TITAN_X": 0.002622,
  "benchmark_10242_0_GTX_TITAN_X": 0.00235,
  "benchmark_10270_2_GTX_TITAN_X": 0.002314,
  "benchmark_1029_0_GTX_TITAN_X": 0.000132,
  "benchmark_1029_1_GTX_TITAN_X": 0.000132,
  "benchmark_1029_2_GTX_TITAN_X": 0.000132,
  "benchmark_10383_0_GTX_TITAN_X": 0.000136,
  "benchmark_10383_20_GTX_TITAN_X": 0.002348,
  "benchmark_10383_21_GTX_TITAN_X": 0.000131,
  "benchmark_10383_24_GTX_TITAN_X": 0.002384,
  "benchmark_10383_28_GTX_TITAN_X": 0.00271,
  "benchmark_10383_9_GTX_TITAN_X": 0.002382,
  "benchmark_10393_4_GTX_TITAN_X": 0.000133,
  "benchmark_10393_5_GTX_TITAN_X": 0.000133,
  "benchmark_104_0_GTX_TITAN_X": 0.001621,
  "benchmark_104_2_GTX_TITAN_X": 0.000132,
  "benchmark_104_3_GTX_TITAN_X": 0.000133,
  "benchmark_104_4_GTX_TITAN_X": 0.000132,
  "benchmark_104_5_GTX_TITAN_X": 0.002232,
  "benchmark_1040_1_GTX_TITAN_X": 0.000134,
  "benchmark_10406_0_GTX_TITAN_X": 0.002282,
  "benchmark_10426_0_GTX_TITAN_X": 0.000132,
  "benchmark_10426_1_GTX_TITAN_X": 0.000135,
  "benchmark_10492_1_GTX_TITAN_X": 0.000138,
  "benchmark_10615_4_GTX_TITAN_X": 0.000133,
  "benchmark_10615_5_GTX_TITAN_X": 0.000136,
  "benchmark_10693_4_GTX_TITAN_X": 0.002227,
  "benchmark_10693_5_GTX_TITAN_X": 0.002296,
  "benchmark_10716_9_GTX_TITAN_X": 0.00224,
  "benchmark_10790_97_GTX_TITAN_X": 0.002262,
  "benchmark_10802_3_GTX_TITAN_X": 0.002346,
  "benchmark_10802_7_GTX_TITAN_X": 0.000132,
  "benchmark_10802_8_GTX_TITAN_X": 0.000135,
  "benchmark_10835_97_GTX_TITAN_X": 0.002241,
  "benchmark_11022_3_GTX_TITAN_X": 0.000133,
  "benchmark_11022_4_GTX_TITAN_X": 0.000135,
  "benchmark_11022_5_GTX_TITAN_X": 0.000131,
  "benchmark_11022_6_GTX_TITAN_X": 0.002241,
  "benchmark_11647_0_GTX_TITAN_X": 0.002214,
  "benchmark_11647_1_GTX_TITAN_X": 0.000134,
  "benchmark_11647_10_GTX_TITAN_X": 0.002356,
  "benchmark_11647_2_GTX_TITAN_X": 0.002278,
  "benchmark_11647_3_GTX_TITAN_X": 0.002286,
  "benchmark_11647_4_GTX_TITAN_X": 0.002237,
  "benchmark_11819_1_GTX_TITAN_X": 0.000133,
  "benchmark_11846_10_GTX_TITAN_X": 0.002206,
  "benchmark_11934_93_GTX_TITAN_X": 0.002247,
  "benchmark_13126_0_GTX_TITAN_X": 0.002435,
  "benchmark_15753_199_GTX_TITAN_X": 0.000139,
  "benchmark_15777_199_GTX_TITAN_X": 0.000133,
  "benchmark_16427_1_GTX_TITAN_X": 0.002533,
  "benchmark_1643_11_GTX_TITAN_X": 0.002304
}