{
  "benchmark_1_0_RTX_4070": 0.003596,
  "benchmark_1_1_RTX_4070": 0.00345,
  "benchmark_1_14_RTX_4070": 0.003536,
  "benchmark_1_15_RTX_4070": 0.003411,
  "benchmark_1_16_RTX_4070": 0.003274,
  "benchmark_1_17_RTX_4070": 0.003459,
  "benchmark_1_18_RTX_4070": 0.003164,
  "benchmark_1_19_RTX_4070": 0.00173,
  "benchmark_1_2_RTX_4070": 0.003371,
  "benchmark_1_20_RTX_4070": 0.003429,
  "benchmark_1_21_RTX_4070": 0.0035,
  "benchmark_1_22_RTX_4070": 0.003603,
  "benchmark_1_3_RTX_4070": 0.003366,
  "benchmark_1_36_RTX_4070": 0.003366,
  "benchmark_1_37_RTX_4070": 0.003466,
  "benchmark_1_38_RTX_4070": 0.003684,
  "benchmark_1_39_RTX_4070": 0.003314,
  "benchmark_1_40_RTX_4070": 0.003178,
  "benchmark_1_41_RTX_4070": 0.003349,
  "benchmark_1_42_RTX_4070": 0.003124,
  "benchmark_1_43_RTX_4070": 0.003274,
  "benchmark_1_44_RTX_4070": 0.001648,
  "benchmark_1_45_RTX_4070": 0.003119,
  "benchmark_1_46_RTX_4070": 0.003189,
  "benchmark_1_47_RTX_4070": 0.003346,
  "benchmark_1_48_RTX_4070": 0.003176,
  "benchmark_1000_24_RTX_4070": 0.000106,
  "benchmark_1000_25_RTX_4070": 0.000107,
  "benchmark_1000_26_RTX_4070": 0.003428,
  "benchmark_1000_27_RTX_4070": 0.003268,
  "benchmark_1000_28_RTX_4070": 0.003512,
  "benchmark_1000_29_RTX_4070": 0.003301,
  "benchmark_1000_5_RTX_4070": 0.003206,
  "benchmark_10003_2_RTX_4070": 0.003422,
  "benchmark_10008_81_RTX_4070": 0.0031,
  "benchmark_1001_0_RTX_4070": 0.000104,
  "benchmark_10024_0_RTX_4070": 0.003037,
  "benchmark_10047_0_RTX_4070": 0.000105,
  "benchmark_10047_1_RTX_4070": 0.003084,
  "benchmark_1006_0_RTX_4070": 0.000114,
  "benchmark_1008_0_RTX_4070": 0.003218,
  "benchmark_1008_7_RTX_4070": 0.003519,
  "benchmark_10121_0_RTX_4070": 0.000127,
  "benchmark_10121_1_RTX_4070": 0.000114,
  "benchmark_10121_3_RTX_4070": 0.000116,
  "benchmark_10121_5_RTX_4070": 0.003413,
  "benchmark_10126_2_RTX_4070": 0.003273,
  "benchmark_10220_1_RTX_4070": 0.003534,
  "benchmark_10223_26_RTX_4070": 0.003287,
  "benchmark_10242_0_RTX_4070": 0.003653,
  "benchmark_10270_2_RTX_4070": 0.003338,
  "benchmark_1029_0_RTX_4070": 0.000111,
  "benchmark_1029_1_RTX_4070": 0.000112,
  "benchmark_1029_2_RTX_4070": 0.000114,
  "benchmark_10383_0_RTX_4070": 0.000107,
  "benchmark_10383_20_RTX_4070": 0.003634,
  "benchmark_10383_21_RTX_4070": 0.003532,
  "benchmark_10383_24_RTX_4070": 0.003285,
  "benchmark_10383_28_RTX_4070": 0.003252,
  "benchmark_10383_9_RTX_4070": 0.003541,
  "benchmark_10393_4_RTX_4070": 0.000106,
  "benchmark_10393_5_RTX_4070": 0.001662,
  "benchmark_104_0_RTX_4070": 0.003242,
  "benchmark_104_2_RTX_4070": 0.000105,
  "benchmark_104_3_RTX_4070": 0.000126,
  "benchmark_104_4_RTX_4070": 0.003433,
  "benchmark_104_5_RTX_4070": 0.003526,
  "benchmark_1040_1_RTX_4070": 0.000107,
  "benchmark_10406_0_RTX_4070": 0.000105,
  "benchmark_10426_0_RTX_4070": 0.000112,
  "benchmark_10426_1_RTX_4070": 0.000124,
  "benchmark_10492_1_RTX_4070": 0.000108,
  "benchmark_10615_4_RTX_4070": 0.000106,
  "benchmark_10615_5_RTX_4070": 0.000105,
  "benchmark_10693_4_RTX_4070": 0.003229,
  "benchmark_10693_5_RTX_4070": 0.003846,
  "benchmark_10716_9_RTX_4070": 0.003577,
  "benchmark_10790_97_RTX_4070": 0.003222,
  "benchmark_10802_3_RTX_4070": 0.003521,
  "benchmark_10802_7_RTX_4070": 0.000104,
  "benchmark_10802_8_RTX_4070": 0.000118,
  "benchmark_10835_97_RTX_4070": 0.003248,
  "benchmark_11022_3_RTX_4070": 0.000117,
  "benchmark_11022_4_RTX_4070": 0.000115,
  "benchmark_11022_5_RTX_4070": 0.000114,
  "benchmark_11022_6_RTX_4070": 0.003735,
  "benchmark_11647_0_RTX_4070": 0.003507,
  "benchmark_11647_1_RTX_4070": 0.003426,
  "benchmark_11647_10_RTX_4070": 0.003615,
  "benchmark_11647_2_RTX_4070": 0.003772,
  "benchmark_11647_3_RTX_4070": 0.016431,
  "benchmark_11647_4_RTX_4070": 0.003836,
  "benchmark_11819_1_RTX_4070": 0.000117,
  "benchmark_11846_10_RTX_4070": 0.003584,
  "benchmark_11934_93_RTX_4070": 0.003598,
  "benchmark_13126_0_RTX_4070": 0.003719,
  "benchmark_15753_199_RTX_4070": 0.000115,
  "benchmark_15777_199_RTX_4070": 0.000116,
  "benchmark_16427_1_RTX_4070": 0.003416,
  "benchmark_1643_11_RTX_4070": 0.003479
}