{
  "benchmark_1_0_TITAN_V": 0.002329,
  "benchmark_1_1_TITAN_V": 0.002317,
  "benchmark_1_14_TITAN_V": 0.002261,
  "benchmark_1_15_TITAN_V": 0.002267,
  "benchmark_1_16_TITAN_V": 0.002285,
  "benchmark_1_17_TITAN_V": 0.002268,
  "benchmark_1_18_TITAN_V": 0.002251,
  "benchmark_1_19_TITAN_V": 0.001634,
  "benchmark_1_2_TITAN_V": 0.002309,
  "benchmark_1_20_TITAN_V": 0.002441,
  "benchmark_1_21_TITAN_V": 0.002871,
  "benchmark_1_22_TITAN_V": 0.002375,
  "benchmark_1_3_TITAN_V": 0.002342,
  "benchmark_1_36_TITAN_V": 0.002306,
  "benchmark_1_37_TITAN_V": 0.002273,
  "benchmark_1_38_TITAN_V": 0.002287,
  "benchmark_1_39_TITAN_V": 0.002324,
  "benchmark_1_40_TITAN_V": 0.002536,
  "benchmark_1_41_TITAN_V": 0.002543,
  "benchmark_1_42_TITAN_V": 0.002447,
  "benchmark_1_43_TITAN_V": 0.002414,
  "benchmark_1_44_TITAN_V": 0.001615,
  "benchmark_1_45_TITAN_V": 0.002612,
  "benchmark_1_46_TITAN_V": 0.002922,
  "benchmark_1_47_TITAN_V": 0.002602,
  "benchmark_1_48_TITAN_V": 0.002624,
  "benchmark_1000_24_TITAN_V": 0.000129,
  "benchmark_1000_25_TITAN_V": 0.000131,
  "benchmark_1000_26_TITAN_V": 0.002442,
  "benchmark_1000_27_TITAN_V": 0.000133,
  "benchmark_1000_28_TITAN_V": 0.000132,
  "benchmark_1000_29_TITAN_V": 0.000138,
  "benchmark_1000_5_TITAN_V": 0.002194,
  "benchmark_10003_2_TITAN_V": 0.000132,
  "benchmark_10008_81_TITAN_V": 0.000133,
  "benchmark_1001_0_TITAN_V": 0.000137,
  "benchmark_10024_0_TITAN_V": 0.000132,
  "benchmark_10047_0_TITAN_V": 0.002427,
  "benchmark_10047_1_TITAN_V": 0.002308,
  "benchmark_1006_0_TITAN_V": 0.000132,
  "benchmark_1008_0_TITAN_V": 0.000135,
  "benchmark_1008_7_TITAN_V": 0.000135,
  "benchmark_10121_0_TITAN_V": 0.00013,
  "benchmark_10121_1_TITAN_V": 0.000132,
  "benchmark_10121_3_TITAN_V": 0.000131,
  "benchmark_10121_5_TITAN_V": 0.00013,
  "benchmark_10126_2_TITAN_V": 0.00014,
  "benchmark_10220_1_TITAN_V": 0.00252,
  "benchmark_10223_26_TITAN_V": 0.000131,
  "benchmark_10242_0_TITAN_V": 0.002434,
  "benchmark_10270_2_TITAN_V": 0.000135,
  "benchmark_1029_0_TITAN_V": 0.000132,
  "benchmark_1029_1_TITAN_V": 0.000143,
  "benchmark_1029_2_TITAN_V": 0.000133,
  "benchmark_10383_0_TITAN_V": 0.00013,
  "benchmark_10383_20_TITAN_V": 0.000132,
  "benchmark_10383_21_TITAN_V": 0.00013,
  "benchmark_10383_24_TITAN_V": 0.002555,
  "benchmark_10383_28_TITAN_V": 0.002346,
  "benchmark_10383_9_TITAN_V": 0.002417,
  "benchmark_10393_4_TITAN_V": 0.000132,
  "benchmark_10393_5_TITAN_V": 0.00013,
  "benchmark_104_0_TITAN_V": 0.000133,
  "benchmark_104_2_TITAN_V": 0.000137,
  "benchmark_104_3_TITAN_V": 0.000133,
  "benchmark_104_4_TITAN_V": 0.000134,
  "benchmark_104_5_TITAN_V": 0.000136,
  "benchmark_1040_1_TITAN_V": 0.000135,
  "benchmark_10406_0_TITAN_V": 0.00013,
  "benchmark_10426_0_TITAN_V": 0.000132,
  "benchmark_10426_1_TITAN_V": 0.000133,
  "benchmark_10492_1_TITAN_V": 0.000133,
  "benchmark_10615_4_TITAN_V": 0.000137,
  "benchmark_10615_5_TITAN_V": 0.000134,
  "benchmark_10693_4_TITAN_V": 0.000132,
  "benchmark_10693_5_TITAN_V": 0.002439,
  "benchmark_10716_9_TITAN_V": 0.000131,
  "benchmark_10790_97_TITAN_V": 0.000133,
  "benchmark_10802_3_TITAN_V": 0.00246,
  "benchmark_10802_7_TITAN_V": 0.000131,
  "benchmark_10802_8_TITAN_V": 0.000139,
  "benchmark_10835_97_TITAN_V": 0.000131,
  "benchmark_11022_3_TITAN_V": 0.00013,
  "benchmark_11022_4_TITAN_V": 0.000131,
  "benchmark_11022_5_TITAN_V": 0.000135,
  "benchmark_11022_6_TITAN_V": 0.002411,
  "benchmark_11647_0_TITAN_V": 0.0024,
  "benchmark_11647_1_TITAN_V": 0.00013,
  "benchmark_11647_10_TITAN_V": 0.002397,
  "benchmark_11647_2_TITAN_V": 0.002387,
  "benchmark_11647_3_TITAN_V": 0.002258,
  "benchmark_11647_4_TITAN_V": 0.002398,
  "benchmark_11819_1_TITAN_V": 0.000132,
  "benchmark_11846_10_TITAN_V": 0.002233,
  "benchmark_11934_93_TITAN_V": 0.002394,
  "benchmark_13126_0_TITAN_V": 0.002551,
  "benchmark_15753_199_TITAN_V": 0.000135,
  "benchmark_15777_199_TITAN_V": 0.000134,
  "benchmark_16427_1_TITAN_V": 0.002416,
  "benchmark_1643_11_TITAN_V": 0.002392
}